48200;8590232000869;Ajax Sprej duopack (WC+Pure) 6x 48200
26566;8584057013166;Coccolino*PP aviváž 2x1,45l Passion F.
26567;8584057013203;Coccolino*PP aviváž 2x1,45l Tiare F.
26565;8710522536087;Coccolino*PP aviváž 2x1,8l Orange
26568;8710447424704;Coccolino*ubr 3x20ks sušička
26554;8712561552790;Cif krém 2x500ml originál
26555;8712561608718;Cif krém 2x750ml lemon
26556;8717163944363;Savo 2x1l antibakteriální
26557;8717163944677;Savo sprej 2x700ml antibakteriální
26558;8720181065392;Savo čistič pračky 2x250ml
